start,end,label
0.2108552631578947,10.75361842105263,sitting
11.33347039473684,16.973848684210523,moving
17.817269736842103,32.418996710526315,sitting
