start,end,label
0.0,3.947222222222222,drinking
5.376388888888889,22.05,sitting
