start,end,label
0.0,1.503131524008351,sitting
2.0542797494780793,8.768267223382047,moving
8.968684759916494,23.94989561586639,sitting
