start,end,label
0.0,2.387258064516129,sitting
2.387258064516129,3.3770967741935483,moving
3.6682258064516127,18.049999999999997,drinking
