start,end,label
0.0,1.9537644787644788,sitting
2.2543436293436296,8.015444015444016,moving
8.015444015444016,25.899903474903475,sitting
