start,end,label
0.0,1.6695652173913043,sitting
1.6695652173913043,16.226086956521737,moving
18.0,20.66086956521739,sitting
21.339130434782607,24.991304347826084,standing
37.982608695652175,66.0,sitting
