start,end,label
0.0,1.7668934240362812,sitting
2.1534013605442177,8.0062358276644,moving
8.0062358276644,24.294784580498867,sitting
