start,end,label
0.0,2.1645476772616137,sitting
2.1645476772616137,6.438141809290954,moving
6.882151589242054,22.7,sitting
