start,end,label
0.0,2.490566037735849,sitting
3.0,6.169811320754716,moving
7.924528301886792,24.0,sitting
