start,end,label
0.0,1.1021235521235522,sitting
1.1021235521235522,11.171525096525098,moving
11.171525096525098,25.950000000000003,sitting
