start,end,label
0.0,2.453143534994069,sitting
2.453143534994069,10.491103202846974,moving
10.491103202846974,20.982206405693947,sitting
20.982206405693947,29.281138790035584,moving
29.803084223013048,44.0,sitting
