start,end,label
0.0,3.2745995423340957,sitting
3.2745995423340957,11.739130434782608,moving
11.739130434782608,26.999999999999996,sitting
