start,end,label
0.0,3.139393939393939,sitting
3.139393939393939,6.559090909090909,moving
7.456060606060606,24.05,sitting
