start,end,label
0.0,2.154673913043478,sitting
2.154673913043478,8.017391304347825,moving
8.017391304347825,23.05,sitting
