start,end,label
0.0,3.412592592592593,sitting
3.412592592592593,13.198703703703705,moving
13.198703703703705,27.1,sitting
