start,end,label
0.0,2.2809306569343066,sitting
2.2809306569343066,10.410401459854015,moving
10.410401459854015,12.983759124087591,sitting
12.983759124087591,31.93302919708029,sitting
