start,end,label
0.0,2.5349104859335037,sitting
2.5349104859335037,4.53925831202046,moving
4.53925831202046,23.05,sitting
