start,end,label
0.0,1.5050377833753148,sitting
1.5050377833753148,5.11712846347607,moving
5.11712846347607,23.9,sitting
