start,end,label
0.0,11.134014300306434,sitting
19.509601634320735,20.36220633299285,eating
20.36220633299285,21.666189989785497,moving
21.666189989785497,23.321246169560776,standing
24.274157303370785,27.6344228804903,eating
27.6344228804903,30.19223697650664,moving
30.19223697650664,49.049846782431054,eating
