start,end,label
0.0,10.093227665706051,sitting
10.093227665706051,17.621325648414984,moving
17.621325648414984,38.699999999999996,sitting
