start,end,label
0.0,9.7703125,moving
9.7703125,23.999895833333333,eating
