start,end,label
0.0,2.4555808656036446,sitting
2.4555808656036446,7.216400911161732,moving
7.216400911161732,22.0,sitting
