start,end,label
0.0,2.355581947743468,eating
2.355581947743468,3.7087885985748223,moving
3.7087885985748223,21.1,eating
