start,end,label
0.0,1.8540393013100438,eating
1.8540393013100438,7.716812227074236,moving
7.716812227074236,22.899890829694325,eating
