start,end,label
0.0,2.427777777777778,eating
2.427777777777778,4.486111111111112,moving
4.908333333333334,13.35277777777778,sitting
15.358333333333334,23.275000000000002,sitting
23.275000000000002,24.225,moving
24.225,39.47777777777778,eating
