start,end,label
0.0,2.238138528138528,sitting
2.238138528138528,25.274588744588748,moving
25.274588744588748,29.587099567099568,eating
29.587099567099568,32.26194805194805,moving
32.26194805194805,36.73822510822511,sitting
36.73822510822511,39.74060606060606,drinking
39.74060606060606,43.12510822510823,sitting
43.12510822510823,49.9487012987013,moving
49.9487012987013,63.050000000000004,sitting
