start,end,label
0.0,2.95615866388309,sitting
2.95615866388309,9.118997912317328,moving
9.118997912317328,24.0,sitting
