start,end,label
0.0,2.105128205128205,sitting
2.105128205128205,8.42051282051282,moving
8.42051282051282,21.660661268556005,sitting
21.660661268556005,24.4859649122807,moving
24.4859649122807,41.05,sitting
