start,end,label
0.0,3.1893333333333334,sitting
3.1893333333333334,7.298666666666667,moving
7.298666666666667,23.552,sitting
