start,end,label
0.0,2.405228758169935,sitting
2.405228758169935,7.7668845315904145,moving
7.7668845315904145,23.0,sitting
