start,end,label
0.0,3.891818753933291,sitting
4.385147891755821,6.906607929515418,moving
7.81176840780365,87.1,sitting
