start,end,label
0.0,5.266035856573706,sitting
5.266035856573706,11.689442231075697,moving
11.689442231075697,29.05,sitting
