start,end,label
0.0,2.462068965517241,sitting
2.462068965517241,3.9275862068965517,moving
4.513793103448276,22.1,sitting
