start,end,label
0.0,1.8875878220140514,sitting
1.8875878220140514,7.9156908665105385,moving
7.9156908665105385,26.0,sitting
