start,end,label
0.0,2.6625994694960213,sitting
2.6625994694960213,7.417241379310345,moving
7.417241379310345,23.9,sitting
