start,end,label
0.0,3.61341059602649,sitting
3.61341059602649,7.146523178807947,moving
7.146523178807947,24.25,sitting
