start,end,label
0.0,34.26431767337808,sitting
34.26431767337808,35.19038031319911,moving
35.19038031319911,40.25648769574944,moving
40.25648769574944,73.05000000000001,sitting
